{
  "self_attn.q_proj": {
    "fp16_input": {
      "mean": 6.8639702796936035,
      "std": 2.8622653484344482,
      "min": 2.853515625,
      "max": 16.828125
    },
    "quant_input_fp": {
      "mean": 0.9834927320480347,
      "std": 0.07321210205554962,
      "min": 0.88037109375,
      "max": 1.2734375
    },
    "quant_input_q": {
      "mean": 0.9834927320480347,
      "std": 0.07321210205554962,
      "min": 0.88037109375,
      "max": 1.2734375
    },
    "fp16_weight": {
      "mean": 0.300750732421875,
      "std": 0.1184251606464386,
      "min": 0.1787109375,
      "max": 0.75390625
    },
    "smooth_weight": {
      "mean": 2.200927734375,
      "std": 0.6214563846588135,
      "min": 1.0673828125,
      "max": 4.8515625
    },
    "quant_weight": {
      "mean": 2.200927734375,
      "std": 0.6214563846588135,
      "min": 1.0673828125,
      "max": 4.8515625
    }
  }
}